method,context,repeat,x,set,metric_name,gene,value
scGen,nadig_hepg2_essential_hepg2,0,0.0,test,correlation,all,0.2699028459700858
scGen,nadig_hepg2_essential_hepg2,0,0.0,test,correlation,de,0.4107217654026884
scGen,nadig_hepg2_essential_hepg2,0,0.0,test,correlation,hvg,0.3151615854774352
scGen,nadig_hepg2_essential_hepg2,0,0.0,test,mae,all,0.06808869792606762
scGen,nadig_hepg2_essential_hepg2,0,0.0,test,mae,de,0.18134592804576746
scGen,nadig_hepg2_essential_hepg2,0,0.0,test,mae,hvg,0.0828785468188781
scGen,nadig_hepg2_essential_hepg2,0,0.0,test,mse,all,0.01188151697893189
scGen,nadig_hepg2_essential_hepg2,0,0.0,test,mse,de,0.06954259149848904
scGen,nadig_hepg2_essential_hepg2,0,0.0,test,mse,hvg,0.0190126953253725
scGen,nadig_hepg2_essential_hepg2,0,0.0,test,systema_bias,all,-0.03079862186860817
scGen,nadig_hepg2_essential_hepg2,0,0.0,test,systema_bias,de,-0.04092832216001701
scGen,nadig_hepg2_essential_hepg2,0,0.0,test,systema_bias,hvg,-0.03190660555581726
scGen,nadig_hepg2_essential_hepg2,0,0.0,test,systema_correlation,all,0.29117380455214636
scGen,nadig_hepg2_essential_hepg2,0,0.0,test,systema_correlation,de,0.20781028592334375
scGen,nadig_hepg2_essential_hepg2,0,0.0,test,systema_correlation,hvg,0.33246743102798176
scGen,nadig_hepg2_essential_hepg2,0,0.4,test,correlation,all,0.31680755105410563
scGen,nadig_hepg2_essential_hepg2,0,0.4,test,correlation,de,0.46828893222091494
scGen,nadig_hepg2_essential_hepg2,0,0.4,test,correlation,hvg,0.3674302824085817
scGen,nadig_hepg2_essential_hepg2,0,0.4,test,mae,all,0.06026699696723667
scGen,nadig_hepg2_essential_hepg2,0,0.4,test,mae,de,0.18130129306794548
scGen,nadig_hepg2_essential_hepg2,0,0.4,test,mae,hvg,0.07244891881622723
scGen,nadig_hepg2_essential_hepg2,0,0.4,test,mse,all,0.008320504120242149
scGen,nadig_hepg2_essential_hepg2,0,0.4,test,mse,de,0.06524960725921952
scGen,nadig_hepg2_essential_hepg2,0,0.4,test,mse,hvg,0.012843972200359368
scGen,nadig_hepg2_essential_hepg2,0,0.4,test,systema_bias,all,0.040066759821014514
scGen,nadig_hepg2_essential_hepg2,0,0.4,test,systema_bias,de,0.02733838345961228
scGen,nadig_hepg2_essential_hepg2,0,0.4,test,systema_bias,hvg,0.04870701415892652
scGen,nadig_hepg2_essential_hepg2,0,0.4,test,systema_correlation,all,0.3238837176550945
scGen,nadig_hepg2_essential_hepg2,0,0.4,test,systema_correlation,de,0.22136688503552948
scGen,nadig_hepg2_essential_hepg2,0,0.4,test,systema_correlation,hvg,0.3680959629303766
scGen,nadig_hepg2_essential_hepg2,0,0.9,test,correlation,all,0.32092588552706236
scGen,nadig_hepg2_essential_hepg2,0,0.9,test,correlation,de,0.48274256633945584
scGen,nadig_hepg2_essential_hepg2,0,0.9,test,correlation,hvg,0.36972896166396596
scGen,nadig_hepg2_essential_hepg2,0,0.9,test,mae,all,0.06075531637269921
scGen,nadig_hepg2_essential_hepg2,0,0.9,test,mae,de,0.17256913637764754
scGen,nadig_hepg2_essential_hepg2,0,0.9,test,mae,hvg,0.07270361660435515
scGen,nadig_hepg2_essential_hepg2,0,0.9,test,mse,all,0.008453282663565499
scGen,nadig_hepg2_essential_hepg2,0,0.9,test,mse,de,0.060842047683055095
scGen,nadig_hepg2_essential_hepg2,0,0.9,test,mse,hvg,0.012915434406402469
scGen,nadig_hepg2_essential_hepg2,0,0.9,test,systema_bias,all,0.04219239891707685
scGen,nadig_hepg2_essential_hepg2,0,0.9,test,systema_bias,de,0.022645698199563833
scGen,nadig_hepg2_essential_hepg2,0,0.9,test,systema_bias,hvg,0.047591375706505866
scGen,nadig_hepg2_essential_hepg2,0,0.9,test,systema_correlation,all,0.32949760681331575
scGen,nadig_hepg2_essential_hepg2,0,0.9,test,systema_correlation,de,0.26746029429227136
scGen,nadig_hepg2_essential_hepg2,0,0.9,test,systema_correlation,hvg,0.37608552040293297
scGen,nadig_hepg2_essential_hepg2,0,9.9,test,correlation,all,0.3752364621995682
scGen,nadig_hepg2_essential_hepg2,0,9.9,test,correlation,de,0.5311425906651953
scGen,nadig_hepg2_essential_hepg2,0,9.9,test,correlation,hvg,0.4246790802496761
scGen,nadig_hepg2_essential_hepg2,0,9.9,test,mae,all,0.05741626082954908
scGen,nadig_hepg2_essential_hepg2,0,9.9,test,mae,de,0.17038427494727426
scGen,nadig_hepg2_essential_hepg2,0,9.9,test,mae,hvg,0.06838911546035113
scGen,nadig_hepg2_essential_hepg2,0,9.9,test,mse,all,0.007335084297068504
scGen,nadig_hepg2_essential_hepg2,0,9.9,test,mse,de,0.05693488099747731
scGen,nadig_hepg2_essential_hepg2,0,9.9,test,mse,hvg,0.011066145684656222
scGen,nadig_hepg2_essential_hepg2,0,9.9,test,systema_bias,all,0.13466963611922034
scGen,nadig_hepg2_essential_hepg2,0,9.9,test,systema_bias,de,0.11134788096541486
scGen,nadig_hepg2_essential_hepg2,0,9.9,test,systema_bias,hvg,0.13556485955543396
scGen,nadig_hepg2_essential_hepg2,0,9.9,test,systema_correlation,all,0.37541541431694536
scGen,nadig_hepg2_essential_hepg2,0,9.9,test,systema_correlation,de,0.33433987525315595
scGen,nadig_hepg2_essential_hepg2,0,9.9,test,systema_correlation,hvg,0.4299923297723303
scGen,nadig_hepg2_essential_hepg2,0,29.9,test,correlation,all,0.3351933848824668
scGen,nadig_hepg2_essential_hepg2,0,29.9,test,correlation,de,0.48346336149134855
scGen,nadig_hepg2_essential_hepg2,0,29.9,test,correlation,hvg,0.3802680616816904
scGen,nadig_hepg2_essential_hepg2,0,29.9,test,mae,all,0.06555527123730805
scGen,nadig_hepg2_essential_hepg2,0,29.9,test,mae,de,0.17000184771284174
scGen,nadig_hepg2_essential_hepg2,0,29.9,test,mae,hvg,0.0792923846099748
scGen,nadig_hepg2_essential_hepg2,0,29.9,test,mse,all,0.010976668141035128
scGen,nadig_hepg2_essential_hepg2,0,29.9,test,mse,de,0.06236629603220674
scGen,nadig_hepg2_essential_hepg2,0,29.9,test,mse,hvg,0.017292201136157134
scGen,nadig_hepg2_essential_hepg2,0,29.9,test,systema_bias,all,0.14770846688004174
scGen,nadig_hepg2_essential_hepg2,0,29.9,test,systema_bias,de,0.115349702472582
scGen,nadig_hepg2_essential_hepg2,0,29.9,test,systema_bias,hvg,0.1397937797568423
scGen,nadig_hepg2_essential_hepg2,0,29.9,test,systema_correlation,all,0.31852825006273366
scGen,nadig_hepg2_essential_hepg2,0,29.9,test,systema_correlation,de,0.27913892580882127
scGen,nadig_hepg2_essential_hepg2,0,29.9,test,systema_correlation,hvg,0.36315246973438314
scGen,nadig_hepg2_essential_hepg2,0,50.0,test,correlation,all,0.40876434876378476
scGen,nadig_hepg2_essential_hepg2,0,50.0,test,correlation,de,0.5624855991821427
scGen,nadig_hepg2_essential_hepg2,0,50.0,test,correlation,hvg,0.45700589578659834
scGen,nadig_hepg2_essential_hepg2,0,50.0,test,mae,all,0.054990606261491534
scGen,nadig_hepg2_essential_hepg2,0,50.0,test,mae,de,0.1685073010560745
scGen,nadig_hepg2_essential_hepg2,0,50.0,test,mae,hvg,0.06549514980513979
scGen,nadig_hepg2_essential_hepg2,0,50.0,test,mse,all,0.006662111565330641
scGen,nadig_hepg2_essential_hepg2,0,50.0,test,mse,de,0.05525314651854405
scGen,nadig_hepg2_essential_hepg2,0,50.0,test,mse,hvg,0.010072510211146956
scGen,nadig_hepg2_essential_hepg2,0,50.0,test,systema_bias,all,0.17081499421656293
scGen,nadig_hepg2_essential_hepg2,0,50.0,test,systema_bias,de,0.12877581097001398
scGen,nadig_hepg2_essential_hepg2,0,50.0,test,systema_bias,hvg,0.16158206699233782
scGen,nadig_hepg2_essential_hepg2,0,50.0,test,systema_correlation,all,0.3889138585209855
scGen,nadig_hepg2_essential_hepg2,0,50.0,test,systema_correlation,de,0.34775135743835867
scGen,nadig_hepg2_essential_hepg2,0,50.0,test,systema_correlation,hvg,0.4359356842016084
scGen,nadig_hepg2_essential_hepg2,0,79.9,test,correlation,all,0.35331098526252713
scGen,nadig_hepg2_essential_hepg2,0,79.9,test,correlation,de,0.5004756987708832
scGen,nadig_hepg2_essential_hepg2,0,79.9,test,correlation,hvg,0.40287803364037733
scGen,nadig_hepg2_essential_hepg2,0,79.9,test,mae,all,0.06558859773109943
scGen,nadig_hepg2_essential_hepg2,0,79.9,test,mae,de,0.1775019130378714
scGen,nadig_hepg2_essential_hepg2,0,79.9,test,mae,hvg,0.07932421590330233
scGen,nadig_hepg2_essential_hepg2,0,79.9,test,mse,all,0.011053731492112365
scGen,nadig_hepg2_essential_hepg2,0,79.9,test,mse,de,0.06720186834132742
scGen,nadig_hepg2_essential_hepg2,0,79.9,test,mse,hvg,0.01736338163634339
scGen,nadig_hepg2_essential_hepg2,0,79.9,test,systema_bias,all,0.11164855891654593
scGen,nadig_hepg2_essential_hepg2,0,79.9,test,systema_bias,de,0.05680724517793081
scGen,nadig_hepg2_essential_hepg2,0,79.9,test,systema_bias,hvg,0.1068193545109196
scGen,nadig_hepg2_essential_hepg2,0,79.9,test,systema_correlation,all,0.34437393146929673
scGen,nadig_hepg2_essential_hepg2,0,79.9,test,systema_correlation,de,0.32058299703245063
scGen,nadig_hepg2_essential_hepg2,0,79.9,test,systema_correlation,hvg,0.39987273817272584
scGen,nadig_hepg2_essential_hepg2,1,0.0,test,correlation,all,0.3012389140174563
scGen,nadig_hepg2_essential_hepg2,1,0.0,test,correlation,de,0.46612822880412813
scGen,nadig_hepg2_essential_hepg2,1,0.0,test,correlation,hvg,0.346699816488942
scGen,nadig_hepg2_essential_hepg2,1,0.0,test,mae,all,0.061120150818086874
scGen,nadig_hepg2_essential_hepg2,1,0.0,test,mae,de,0.17626799302393023
scGen,nadig_hepg2_essential_hepg2,1,0.0,test,mae,hvg,0.07358139399240542
scGen,nadig_hepg2_essential_hepg2,1,0.0,test,mse,all,0.008724828051626181
scGen,nadig_hepg2_essential_hepg2,1,0.0,test,mse,de,0.06410334965730624
scGen,nadig_hepg2_essential_hepg2,1,0.0,test,mse,hvg,0.013546445493767618
scGen,nadig_hepg2_essential_hepg2,1,0.0,test,systema_bias,all,-0.013991283017963629
scGen,nadig_hepg2_essential_hepg2,1,0.0,test,systema_bias,de,-0.03171726808053976
scGen,nadig_hepg2_essential_hepg2,1,0.0,test,systema_bias,hvg,-0.018054674809289205
scGen,nadig_hepg2_essential_hepg2,1,0.0,test,systema_correlation,all,0.3221097815559836
scGen,nadig_hepg2_essential_hepg2,1,0.0,test,systema_correlation,de,0.22967321752622402
scGen,nadig_hepg2_essential_hepg2,1,0.0,test,systema_correlation,hvg,0.36291068168142876
scGen,nadig_hepg2_essential_hepg2,1,0.4,test,correlation,all,0.30042558921659107
scGen,nadig_hepg2_essential_hepg2,1,0.4,test,correlation,de,0.4529321855193196
scGen,nadig_hepg2_essential_hepg2,1,0.4,test,correlation,hvg,0.34717183949715175
scGen,nadig_hepg2_essential_hepg2,1,0.4,test,mae,all,0.05999861997929929
scGen,nadig_hepg2_essential_hepg2,1,0.4,test,mae,de,0.1898959831171685
scGen,nadig_hepg2_essential_hepg2,1,0.4,test,mae,hvg,0.07255985697931533
scGen,nadig_hepg2_essential_hepg2,1,0.4,test,mse,all,0.008260381615086368
scGen,nadig_hepg2_essential_hepg2,1,0.4,test,mse,de,0.07090561220384702
scGen,nadig_hepg2_essential_hepg2,1,0.4,test,mse,hvg,0.012993267270453523
scGen,nadig_hepg2_essential_hepg2,1,0.4,test,systema_bias,all,-0.03678918283509466
scGen,nadig_hepg2_essential_hepg2,1,0.4,test,systema_bias,de,-0.049266077932780816
scGen,nadig_hepg2_essential_hepg2,1,0.4,test,systema_bias,hvg,-0.04609637538532207
scGen,nadig_hepg2_essential_hepg2,1,0.4,test,systema_correlation,all,0.31631075315017754
scGen,nadig_hepg2_essential_hepg2,1,0.4,test,systema_correlation,de,0.17466866886966398
scGen,nadig_hepg2_essential_hepg2,1,0.4,test,systema_correlation,hvg,0.3541706136829011
scGen,nadig_hepg2_essential_hepg2,1,0.9,test,correlation,all,0.308935639296381
scGen,nadig_hepg2_essential_hepg2,1,0.9,test,correlation,de,0.450711642781775
scGen,nadig_hepg2_essential_hepg2,1,0.9,test,correlation,hvg,0.3523811422870262
scGen,nadig_hepg2_essential_hepg2,1,0.9,test,mae,all,0.06033846052126888
scGen,nadig_hepg2_essential_hepg2,1,0.9,test,mae,de,0.18549955217855157
scGen,nadig_hepg2_essential_hepg2,1,0.9,test,mae,hvg,0.07300044175359602
scGen,nadig_hepg2_essential_hepg2,1,0.9,test,mse,all,0.008360504817503413
scGen,nadig_hepg2_essential_hepg2,1,0.9,test,mse,de,0.0685959833101575
scGen,nadig_hepg2_essential_hepg2,1,0.9,test,mse,hvg,0.013109997598644044
scGen,nadig_hepg2_essential_hepg2,1,0.9,test,systema_bias,all,-0.008886974232944246
scGen,nadig_hepg2_essential_hepg2,1,0.9,test,systema_bias,de,-0.019652248043016792
scGen,nadig_hepg2_essential_hepg2,1,0.9,test,systema_bias,hvg,-0.025906431756424566
scGen,nadig_hepg2_essential_hepg2,1,0.9,test,systema_correlation,all,0.3201617874556422
scGen,nadig_hepg2_essential_hepg2,1,0.9,test,systema_correlation,de,0.21102074665434223
scGen,nadig_hepg2_essential_hepg2,1,0.9,test,systema_correlation,hvg,0.3593382081264066
scGen,nadig_hepg2_essential_hepg2,1,9.9,test,correlation,all,0.3264811259788058
scGen,nadig_hepg2_essential_hepg2,1,9.9,test,correlation,de,0.4714055991789118
scGen,nadig_hepg2_essential_hepg2,1,9.9,test,correlation,hvg,0.37284481024630317
scGen,nadig_hepg2_essential_hepg2,1,9.9,test,mae,all,0.06486215900831048
scGen,nadig_hepg2_essential_hepg2,1,9.9,test,mae,de,0.17008005476669127
scGen,nadig_hepg2_essential_hepg2,1,9.9,test,mae,hvg,0.07847727453989345
scGen,nadig_hepg2_essential_hepg2,1,9.9,test,mse,all,0.010543618354263526
scGen,nadig_hepg2_essential_hepg2,1,9.9,test,mse,de,0.059968832047638324
scGen,nadig_hepg2_essential_hepg2,1,9.9,test,mse,hvg,0.01668974345306731
scGen,nadig_hepg2_essential_hepg2,1,9.9,test,systema_bias,all,0.12578355537119135
scGen,nadig_hepg2_essential_hepg2,1,9.9,test,systema_bias,de,0.0964359969832645
scGen,nadig_hepg2_essential_hepg2,1,9.9,test,systema_bias,hvg,0.12177168812879961
scGen,nadig_hepg2_essential_hepg2,1,9.9,test,systema_correlation,all,0.3198718300311681
scGen,nadig_hepg2_essential_hepg2,1,9.9,test,systema_correlation,de,0.28027484055864543
scGen,nadig_hepg2_essential_hepg2,1,9.9,test,systema_correlation,hvg,0.36580850537304516
scGen,nadig_hepg2_essential_hepg2,1,29.9,test,correlation,all,0.38208705596845083
scGen,nadig_hepg2_essential_hepg2,1,29.9,test,correlation,de,0.5500059779461101
scGen,nadig_hepg2_essential_hepg2,1,29.9,test,correlation,hvg,0.4314197863495245
scGen,nadig_hepg2_essential_hepg2,1,29.9,test,mae,all,0.05657309136757292
scGen,nadig_hepg2_essential_hepg2,1,29.9,test,mae,de,0.16117634806999181
scGen,nadig_hepg2_essential_hepg2,1,29.9,test,mae,hvg,0.06723328300126495
scGen,nadig_hepg2_essential_hepg2,1,29.9,test,mse,all,0.007155473707152676
scGen,nadig_hepg2_essential_hepg2,1,29.9,test,mse,de,0.05289812001387237
scGen,nadig_hepg2_essential_hepg2,1,29.9,test,mse,hvg,0.01079948921291879
scGen,nadig_hepg2_essential_hepg2,1,29.9,test,systema_bias,all,0.1778100405684499
scGen,nadig_hepg2_essential_hepg2,1,29.9,test,systema_bias,de,0.13699349266304767
scGen,nadig_hepg2_essential_hepg2,1,29.9,test,systema_bias,hvg,0.18083448684712125
scGen,nadig_hepg2_essential_hepg2,1,29.9,test,systema_correlation,all,0.3795022582718488
scGen,nadig_hepg2_essential_hepg2,1,29.9,test,systema_correlation,de,0.3570534843101646
scGen,nadig_hepg2_essential_hepg2,1,29.9,test,systema_correlation,hvg,0.43170819431582325
scGen,nadig_hepg2_essential_hepg2,1,50.0,test,correlation,all,0.40140878630760485
scGen,nadig_hepg2_essential_hepg2,1,50.0,test,correlation,de,0.5697321597440378
scGen,nadig_hepg2_essential_hepg2,1,50.0,test,correlation,hvg,0.44983307939817624
scGen,nadig_hepg2_essential_hepg2,1,50.0,test,mae,all,0.05575247348768664
scGen,nadig_hepg2_essential_hepg2,1,50.0,test,mae,de,0.1646083238211973
scGen,nadig_hepg2_essential_hepg2,1,50.0,test,mae,hvg,0.06599331968553403
scGen,nadig_hepg2_essential_hepg2,1,50.0,test,mse,all,0.007004122918371596
scGen,nadig_hepg2_essential_hepg2,1,50.0,test,mse,de,0.05455778865809375
scGen,nadig_hepg2_essential_hepg2,1,50.0,test,mse,hvg,0.010467471226242721
scGen,nadig_hepg2_essential_hepg2,1,50.0,test,systema_bias,all,0.19578795859445108
scGen,nadig_hepg2_essential_hepg2,1,50.0,test,systema_bias,de,0.14125167469017583
scGen,nadig_hepg2_essential_hepg2,1,50.0,test,systema_bias,hvg,0.1932557311382381
scGen,nadig_hepg2_essential_hepg2,1,50.0,test,systema_correlation,all,0.3918508619341647
scGen,nadig_hepg2_essential_hepg2,1,50.0,test,systema_correlation,de,0.3540732123167197
scGen,nadig_hepg2_essential_hepg2,1,50.0,test,systema_correlation,hvg,0.45163123696423374
scGen,nadig_hepg2_essential_hepg2,1,79.9,test,correlation,all,0.3972024757367109
scGen,nadig_hepg2_essential_hepg2,1,79.9,test,correlation,de,0.5562695643810942
scGen,nadig_hepg2_essential_hepg2,1,79.9,test,correlation,hvg,0.44596430727912023
scGen,nadig_hepg2_essential_hepg2,1,79.9,test,mae,all,0.05490044718384402
scGen,nadig_hepg2_essential_hepg2,1,79.9,test,mae,de,0.16365053391778572
scGen,nadig_hepg2_essential_hepg2,1,79.9,test,mae,hvg,0.06497492028129871
scGen,nadig_hepg2_essential_hepg2,1,79.9,test,mse,all,0.006608945752394817
scGen,nadig_hepg2_essential_hepg2,1,79.9,test,mse,de,0.05199855498962561
scGen,nadig_hepg2_essential_hepg2,1,79.9,test,mse,hvg,0.009835182823973132
scGen,nadig_hepg2_essential_hepg2,1,79.9,test,systema_bias,all,0.1947566156875955
scGen,nadig_hepg2_essential_hepg2,1,79.9,test,systema_bias,de,0.1332444980296784
scGen,nadig_hepg2_essential_hepg2,1,79.9,test,systema_bias,hvg,0.19353011651733415
scGen,nadig_hepg2_essential_hepg2,1,79.9,test,systema_correlation,all,0.4141589415782848
scGen,nadig_hepg2_essential_hepg2,1,79.9,test,systema_correlation,de,0.3615213939074959
scGen,nadig_hepg2_essential_hepg2,1,79.9,test,systema_correlation,hvg,0.47711541064865404
scGen,nadig_hepg2_essential_hepg2,2,0.0,test,correlation,all,0.31191905199988196
scGen,nadig_hepg2_essential_hepg2,2,0.0,test,correlation,de,0.4692331591494031
scGen,nadig_hepg2_essential_hepg2,2,0.0,test,correlation,hvg,0.36004894557949
scGen,nadig_hepg2_essential_hepg2,2,0.0,test,mae,all,0.06243787156453793
scGen,nadig_hepg2_essential_hepg2,2,0.0,test,mae,de,0.17116033001661385
scGen,nadig_hepg2_essential_hepg2,2,0.0,test,mae,hvg,0.07528218370968422
scGen,nadig_hepg2_essential_hepg2,2,0.0,test,mse,all,0.009119018978059522
scGen,nadig_hepg2_essential_hepg2,2,0.0,test,mse,de,0.06070128234004643
scGen,nadig_hepg2_essential_hepg2,2,0.0,test,mse,hvg,0.014105129353913632
scGen,nadig_hepg2_essential_hepg2,2,0.0,test,systema_bias,all,0.04823397139689984
scGen,nadig_hepg2_essential_hepg2,2,0.0,test,systema_bias,de,0.0343772657384403
scGen,nadig_hepg2_essential_hepg2,2,0.0,test,systema_bias,hvg,0.04537435239005189
scGen,nadig_hepg2_essential_hepg2,2,0.0,test,systema_correlation,all,0.31543414443124146
scGen,nadig_hepg2_essential_hepg2,2,0.0,test,systema_correlation,de,0.2598920049439586
scGen,nadig_hepg2_essential_hepg2,2,0.0,test,systema_correlation,hvg,0.35963830515421513
scGen,nadig_hepg2_essential_hepg2,2,0.4,test,correlation,all,0.31850927038277005
scGen,nadig_hepg2_essential_hepg2,2,0.4,test,correlation,de,0.4731021548868843
scGen,nadig_hepg2_essential_hepg2,2,0.4,test,correlation,hvg,0.36631381915046385
scGen,nadig_hepg2_essential_hepg2,2,0.4,test,mae,all,0.06116271385737667
scGen,nadig_hepg2_essential_hepg2,2,0.4,test,mae,de,0.16949131960878427
scGen,nadig_hepg2_essential_hepg2,2,0.4,test,mae,hvg,0.07304481426106368
scGen,nadig_hepg2_essential_hepg2,2,0.4,test,mse,all,0.00861241474634135
scGen,nadig_hepg2_essential_hepg2,2,0.4,test,mse,de,0.0600792474512758
scGen,nadig_hepg2_essential_hepg2,2,0.4,test,mse,hvg,0.01308078108248878
scGen,nadig_hepg2_essential_hepg2,2,0.4,test,systema_bias,all,0.05118552396073403
scGen,nadig_hepg2_essential_hepg2,2,0.4,test,systema_bias,de,0.01786429430939417
scGen,nadig_hepg2_essential_hepg2,2,0.4,test,systema_bias,hvg,0.04857413126142265
scGen,nadig_hepg2_essential_hepg2,2,0.4,test,systema_correlation,all,0.32760313591513573
scGen,nadig_hepg2_essential_hepg2,2,0.4,test,systema_correlation,de,0.25668022366787135
scGen,nadig_hepg2_essential_hepg2,2,0.4,test,systema_correlation,hvg,0.37624440763291583
scGen,nadig_hepg2_essential_hepg2,2,0.9,test,correlation,all,0.3293004822789779
scGen,nadig_hepg2_essential_hepg2,2,0.9,test,correlation,de,0.47642819739540787
scGen,nadig_hepg2_essential_hepg2,2,0.9,test,correlation,hvg,0.38352372844178617
scGen,nadig_hepg2_essential_hepg2,2,0.9,test,mae,all,0.05921716822444045
scGen,nadig_hepg2_essential_hepg2,2,0.9,test,mae,de,0.18323479621364466
scGen,nadig_hepg2_essential_hepg2,2,0.9,test,mae,hvg,0.07098285079085777
scGen,nadig_hepg2_essential_hepg2,2,0.9,test,mse,all,0.007937720219620699
scGen,nadig_hepg2_essential_hepg2,2,0.9,test,mse,de,0.06581658892642725
scGen,nadig_hepg2_essential_hepg2,2,0.9,test,mse,hvg,0.012214628129520908
scGen,nadig_hepg2_essential_hepg2,2,0.9,test,systema_bias,all,0.07857331032427746
scGen,nadig_hepg2_essential_hepg2,2,0.9,test,systema_bias,de,0.0569618482002923
scGen,nadig_hepg2_essential_hepg2,2,0.9,test,systema_bias,hvg,0.09669817793573067
scGen,nadig_hepg2_essential_hepg2,2,0.9,test,systema_correlation,all,0.3293787058191644
scGen,nadig_hepg2_essential_hepg2,2,0.9,test,systema_correlation,de,0.21316226514148723
scGen,nadig_hepg2_essential_hepg2,2,0.9,test,systema_correlation,hvg,0.37330677238436644
scGen,nadig_hepg2_essential_hepg2,2,9.9,test,correlation,all,0.38260843183282756
scGen,nadig_hepg2_essential_hepg2,2,9.9,test,correlation,de,0.5254104231894176
scGen,nadig_hepg2_essential_hepg2,2,9.9,test,correlation,hvg,0.4331671323706132
scGen,nadig_hepg2_essential_hepg2,2,9.9,test,mae,all,0.05729135965300991
scGen,nadig_hepg2_essential_hepg2,2,9.9,test,mae,de,0.1676552365254318
scGen,nadig_hepg2_essential_hepg2,2,9.9,test,mae,hvg,0.06818167669652483
scGen,nadig_hepg2_essential_hepg2,2,9.9,test,mse,all,0.007292443989511322
scGen,nadig_hepg2_essential_hepg2,2,9.9,test,mse,de,0.05532831006477239
scGen,nadig_hepg2_essential_hepg2,2,9.9,test,mse,hvg,0.010958474016828219
scGen,nadig_hepg2_essential_hepg2,2,9.9,test,systema_bias,all,0.18956580757951821
scGen,nadig_hepg2_essential_hepg2,2,9.9,test,systema_bias,de,0.1455751821323379
scGen,nadig_hepg2_essential_hepg2,2,9.9,test,systema_bias,hvg,0.18305215156888635
scGen,nadig_hepg2_essential_hepg2,2,9.9,test,systema_correlation,all,0.36859234033761695
scGen,nadig_hepg2_essential_hepg2,2,9.9,test,systema_correlation,de,0.32612547237422235
scGen,nadig_hepg2_essential_hepg2,2,9.9,test,systema_correlation,hvg,0.42359817560556445
scGen,nadig_hepg2_essential_hepg2,2,29.9,test,correlation,all,0.3905185439887209
scGen,nadig_hepg2_essential_hepg2,2,29.9,test,correlation,de,0.5415509737943057
scGen,nadig_hepg2_essential_hepg2,2,29.9,test,correlation,hvg,0.4360620026946651
scGen,nadig_hepg2_essential_hepg2,2,29.9,test,mae,all,0.05724149201350322
scGen,nadig_hepg2_essential_hepg2,2,29.9,test,mae,de,0.16608310714260097
scGen,nadig_hepg2_essential_hepg2,2,29.9,test,mae,hvg,0.06818351111338948
scGen,nadig_hepg2_essential_hepg2,2,29.9,test,mse,all,0.007342988789066569
scGen,nadig_hepg2_essential_hepg2,2,29.9,test,mse,de,0.05681345546502644
scGen,nadig_hepg2_essential_hepg2,2,29.9,test,mse,hvg,0.011101975274471735
scGen,nadig_hepg2_essential_hepg2,2,29.9,test,systema_bias,all,0.1307158438311917
scGen,nadig_hepg2_essential_hepg2,2,29.9,test,systema_bias,de,0.09951945364956313
scGen,nadig_hepg2_essential_hepg2,2,29.9,test,systema_bias,hvg,0.12232664658929501
scGen,nadig_hepg2_essential_hepg2,2,29.9,test,systema_correlation,all,0.37376233267721376
scGen,nadig_hepg2_essential_hepg2,2,29.9,test,systema_correlation,de,0.3506572013843474
scGen,nadig_hepg2_essential_hepg2,2,29.9,test,systema_correlation,hvg,0.42369655497588626
scGen,nadig_hepg2_essential_hepg2,2,50.0,test,correlation,all,0.38791233958180593
scGen,nadig_hepg2_essential_hepg2,2,50.0,test,correlation,de,0.54317951423563
scGen,nadig_hepg2_essential_hepg2,2,50.0,test,correlation,hvg,0.43501606327666026
scGen,nadig_hepg2_essential_hepg2,2,50.0,test,mae,all,0.05571391418435336
scGen,nadig_hepg2_essential_hepg2,2,50.0,test,mae,de,0.15540303017273974
scGen,nadig_hepg2_essential_hepg2,2,50.0,test,mae,hvg,0.06568823100276981
scGen,nadig_hepg2_essential_hepg2,2,50.0,test,mse,all,0.006863197932988191
scGen,nadig_hepg2_essential_hepg2,2,50.0,test,mse,de,0.048397613310277886
scGen,nadig_hepg2_essential_hepg2,2,50.0,test,mse,hvg,0.01017059574919956
scGen,nadig_hepg2_essential_hepg2,2,50.0,test,systema_bias,all,0.19743307177088737
scGen,nadig_hepg2_essential_hepg2,2,50.0,test,systema_bias,de,0.14738358009623811
scGen,nadig_hepg2_essential_hepg2,2,50.0,test,systema_bias,hvg,0.19929346324814473
scGen,nadig_hepg2_essential_hepg2,2,50.0,test,systema_correlation,all,0.4003877209625334
scGen,nadig_hepg2_essential_hepg2,2,50.0,test,systema_correlation,de,0.36585443256690614
scGen,nadig_hepg2_essential_hepg2,2,50.0,test,systema_correlation,hvg,0.46386554161879084
scGen,nadig_hepg2_essential_hepg2,2,79.9,test,correlation,all,0.3997225801578219
scGen,nadig_hepg2_essential_hepg2,2,79.9,test,correlation,de,0.5385749096849992
scGen,nadig_hepg2_essential_hepg2,2,79.9,test,correlation,hvg,0.4387569381887086
scGen,nadig_hepg2_essential_hepg2,2,79.9,test,mae,all,0.056605800200372335
scGen,nadig_hepg2_essential_hepg2,2,79.9,test,mae,de,0.1743824681771857
scGen,nadig_hepg2_essential_hepg2,2,79.9,test,mae,hvg,0.06779874006747595
scGen,nadig_hepg2_essential_hepg2,2,79.9,test,mse,all,0.007000249338144877
scGen,nadig_hepg2_essential_hepg2,2,79.9,test,mse,de,0.06005820959992105
scGen,nadig_hepg2_essential_hepg2,2,79.9,test,mse,hvg,0.010674248915585249
scGen,nadig_hepg2_essential_hepg2,2,79.9,test,systema_bias,all,0.24113407474982904
scGen,nadig_hepg2_essential_hepg2,2,79.9,test,systema_bias,de,0.20995516133028402
scGen,nadig_hepg2_essential_hepg2,2,79.9,test,systema_bias,hvg,0.24744060177489624
scGen,nadig_hepg2_essential_hepg2,2,79.9,test,systema_correlation,all,0.4131536290236136
scGen,nadig_hepg2_essential_hepg2,2,79.9,test,systema_correlation,de,0.41619714522212603
scGen,nadig_hepg2_essential_hepg2,2,79.9,test,systema_correlation,hvg,0.47273573275367897
